id,text,answer_id
0,How to terminate my contract?,0
1,How can I terminate my rental contract?,0
2,How to terminate my unlimited contract?,1
3,How to terminate my unlimited rental contract?,1
4,How can I terminate my unlimited contract?,1
5,How can I terminate my unlimited rental contract?,1
6,How to terminate my limited contract?,2
7,How to terminate my limited rental contract?,2
8,How can I terminate my limited contract?,2
9,How can I terminate my limited rental contract?,2
10,How to terminate my staggered rental agreement?,3
11,How to terminate my staggered rental agreement?,3
12,How can I terminate my staggered rental agreement?,3
13,How can I terminate my staggered rental agreement?,3
14,I have found a new tenant. How can I terminate my contract?,4
15,What are the important reasons to terminate a contract by finding a new tenant?,5
16,I want to terminate my contract and found a new tenant. The landlord doesn’t accept the new tenant. What can I do?,6
17,I found a new tenant to terminate my contract. Can the landloard increase the rent for the new tenant?,7
18,"I want to terminate the contract, but my flatmate doesn’t. What can I do?",8
19,What steps should I follow to terminate my unlimited contract?,1
20,What steps should I follow to terminate my unlimited rental contract?,1
21,What is the proper procedure for terminating an unlimited contract?,1
22,What is the proper procedure for terminating an unlimited rental contract?,1
23,I need guidance on terminating my unlimited contract. Any suggestions?,1
24,I need guidance on terminating my unlimited rental contract. Any suggestions?,1
25,Could you provide instructions on how to terminate an unlimited contract?,1
26,Could you provide instructions on how to terminate an unlimited rental contract?,1
27,Seeking advice on terminating my unlimited contract. Any tips?,1
28,Seeking advice on terminating my unlimited rental contract. Any tips?,1
29,How can I effectively terminate my unlimited contract? Any recommendations?,1
30,How can I effectively terminate my unlimited rental contract? Any recommendations?,1
31,Is there a specific process for terminating an unlimited contract?,1
32,Is there a specific process for terminating an unlimited rental contract?,1
33,I'm looking for information on terminating my unlimited contract. Can you assist?,1
34,I'm looking for information on terminating my unlimited rental contract. Can you assist?,1
35,Are there any legal considerations when terminating an unlimited contract?,1
36,Are there any legal considerations when terminating an unlimited rental contract?,1
37,What are the requirements for terminating my unlimited contract?,1
38,What are the requirements for terminating my unlimited rental contract?,1
39,Can I terminate my unlimited contract before the expiration date?,1
40,Can I terminate my unlimited rental contract before the expiration date?,1
41,What penalties or fees are associated with terminating my unlimited contract?,1
42,What penalties or fees are associated with terminating my unlimited rental contract?,1
43,Are there any notice periods for terminating an unlimited contract?,1
44,Are there any notice periods for terminating an unlimited rental contract?,1
45,Can I terminate my unlimited contract if the other party breaches the terms?,1
46,Can I terminate my unlimited rental contract if the landlord violates the agreement?,1
47,Is it possible to terminate an unlimited contract without any consequences?,1
48,Is it possible to terminate an unlimited rental contract without any consequences?,1
49,Can I terminate my unlimited contract early if I no longer need the services?,1
50,Can I terminate my unlimited rental contract early if I find another place?,1
51,What documentation do I need to provide when terminating my unlimited contract?,1
52,What documentation do I need to provide when terminating my unlimited rental contract?,1
53,Should I notify the other party in writing when terminating my unlimited contract?,1
54,Should I notify the landlord in writing when terminating my unlimited rental contract?,1
55,Can I terminate my unlimited contract if there is a mutual agreement?,1
56,Can I terminate my unlimited rental contract if there is a mutual understanding?,1
57,How long does it take to process the termination of an unlimited contract?,1
58,How long does it take to process the termination of an unlimited rental contract?,1
59,Can I terminate my unlimited contract if I experience financial difficulties?,1
60,Can I terminate my unlimited rental contract if I can't afford the rent?,1
61,Is there a specific form or template for terminating an unlimited contract?,1
62,Is there a specific form or template for terminating an unlimited rental contract?,1
63,What steps should I take to protect my rights when terminating my unlimited contract?,1
64,What steps should I take to protect my rights when terminating my unlimited rental contract?,1
65,What steps should I follow to terminate my limited contract?,2
66,What steps should I follow to terminate my limited rental contract?,2
67,How can I effectively terminate my limited contract? Any recommendations?,2
68,How can I effectively terminate my limited rental contract? Any recommendations?,2
69,Could you provide instructions on how to terminate a limited contract?,2
70,Could you provide instructions on how to terminate a limited rental contract?,2
71,I need guidance on terminating my limited contract. Any suggestions?,2
72,I need guidance on terminating my limited rental contract. Any suggestions?,2
73,Are there any legal considerations when terminating a limited contract?,2
74,Are there any legal considerations when terminating a limited rental contract?,2
75,What are the requirements for terminating my limited contract?,2
76,What are the requirements for terminating my limited rental contract?,2
77,Can I terminate my limited contract before the agreed-upon end date?,2
78,Can I terminate my limited rental contract before the agreed-upon end date?,2
79,What penalties or fees are associated with terminating my limited contract?,2
80,What penalties or fees are associated with terminating my limited rental contract?,2
81,Is there a notice period for terminating a limited contract?,2
82,Is there a notice period for terminating a limited rental contract?,2
83,Can I terminate my limited contract if the other party breaches the terms?,2
84,Can I terminate my limited rental contract if the landlord violates the agreement?,2
85,Is it possible to terminate a limited contract without any consequences?,2
86,Is it possible to terminate a limited rental contract without any consequences?,2
87,Can I terminate my limited contract if I no longer need the services?,2
88,Can I terminate my limited rental contract if I find alternative accommodation?,2
89,What documentation do I need to provide when terminating my limited contract?,2
90,What documentation do I need to provide when terminating my limited rental contract?,2
91,Should I notify the other party in writing when terminating my limited contract?,2
92,Should I notify the landlord in writing when terminating my limited rental contract?,2
93,Can I terminate my limited contract if there is a mutual agreement?,2
94,Can I terminate my limited rental contract if there is mutual understanding?,2
95,How long does it take to process the termination of a limited contract?,2
96,How long does it take to process the termination of a limited rental contract?,2
97,Can I terminate my limited contract if I face financial difficulties?,2
98,Can I terminate my limited rental contract if I am unable to afford the rent?,2
99,Is there a specific form or template for terminating a limited contract?,2
100,Is there a specific form or template for terminating a limited rental contract?,2
101,What steps should I take to protect my rights when terminating my limited contract?,2
102,What steps should I take to protect my rights when terminating my limited rental contract?,2
103,Can I terminate my limited contract if there is a breach of confidentiality?,2
104,Can I terminate my limited rental contract if the property conditions are unsatisfactory?,2
105,How can I terminate my limited contract without causing disputes?,2
106,How can I terminate my limited rental contract without breaching the terms?,2
107,Can I terminate my limited contract if there is a change in circumstances?,2
108,Can I terminate my limited rental contract if there is a change in employment?,2
109,What are the consequences of terminating my limited contract prematurely?,2
110,What are the consequences of terminating my limited rental contract prematurely?,2
111,Can I terminate my limited contract if I am relocating to a different city?,2
112,Can I terminate my limited rental contract if I am transferring to another location?,2
113,Is there a grace period for terminating a limited contract?,2
114,Is there a grace period for terminating a limited rental contract?,2
115,What steps should I follow to terminate my staggered rental agreement?,3
116,What is the proper procedure for terminating my staggered rental agreement?,3
117,Could you provide instructions on how to terminate a staggered rental agreement?,3
118,I need guidance on terminating my staggered rental agreement. Any suggestions?,3
119,How can I effectively terminate my staggered rental agreement? Any recommendations?,3
120,Are there any legal considerations when terminating a staggered rental agreement?,3
121,Can I terminate my staggered rental agreement before the agreed-upon end date?,3
122,What penalties or fees are associated with terminating my staggered rental agreement?,3
123,Is there a notice period for terminating a staggered rental agreement?,3
124,Can I terminate my staggered rental agreement if the landlord breaches the terms?,3
125,Is it possible to terminate a staggered rental agreement without any consequences?,3
126,Can I terminate my staggered rental agreement if I no longer require the property?,3
127,What documentation do I need to provide when terminating my staggered rental agreement?,3
128,Should I notify the landlord in writing when terminating my staggered rental agreement?,3
129,Can I terminate my staggered rental agreement if there is mutual agreement?,3
130,How long does it take to process the termination of a staggered rental agreement?,3
131,Can I terminate my staggered rental agreement if I face financial difficulties?,3
132,Is there a specific form or template for terminating a staggered rental agreement?,3
133,What steps should I take to protect my rights when terminating my staggered rental agreement?,3
134,Can I terminate my staggered rental agreement if there is a breach of contract?,3
135,How can I terminate my staggered rental agreement while maintaining a good relationship with the landlord?,3
136,Can I terminate my staggered rental agreement if there are unresolved maintenance issues?,3
137,Can I terminate my staggered rental agreement if there is a change in my employment status?,3
138,What are the consequences of terminating my staggered rental agreement prematurely?,3
139,Can I terminate my staggered rental agreement if I have to relocate for personal reasons?,3
140,Can I terminate my staggered rental agreement if there is a change in family circumstances?,3
141,Is there a grace period for terminating a staggered rental agreement?,3
142,Can I terminate my staggered rental agreement if there is a significant increase in rent?,3
143,How can I negotiate the termination of my staggered rental agreement with the landlord?,3
144,Can I terminate my staggered rental agreement if the property does not meet safety standards?,3
145,Can I terminate my staggered rental agreement if I find a more suitable living arrangement?,3
146,Can I terminate my staggered rental agreement if I am experiencing financial hardship?,3
147,Can I terminate my staggered rental agreement if there is a breach of privacy by the landlord?,3
148,Can I terminate my staggered rental agreement if there are unresolved pest control issues?,3
149,Can I terminate my staggered rental agreement if the property undergoes significant structural damage?,3
150,Can I terminate my staggered rental agreement if there is a violation of noise regulations?,3
151,Can I terminate my staggered rental agreement if there is a breach of the rental agreement terms?,3
152,Can I terminate my staggered rental agreement if there is a violation of the pet policy?,3
153,Can I terminate my staggered rental agreement if the property becomes uninhabitable?,3
154,Can I terminate my staggered rental agreement if there is a change in my financial situation?,3
155,Can I terminate my staggered rental agreement if there is a change in the landlord's ownership?,3
156,Can I terminate my staggered rental agreement if there is a failure to provide essential utilities?,3
157,Can I terminate my staggered rental agreement if the landlord engages in discriminatory practices?,3
158,Can I terminate my staggered rental agreement if there is a breach of the quiet enjoyment clause?,3
159,Can I terminate my staggered rental agreement if there is a violation of the maintenance responsibilities?,3
160,Can I terminate my staggered rental agreement if there is a failure to address repairs in a timely manner?,3
161,Can I terminate my staggered rental agreement if there is a significant increase in property taxes?,3
162,Can I terminate my staggered rental agreement if there is a violation of the subletting policy?,3
163,Can I terminate my staggered rental agreement if there is a breach of the security deposit terms?,3
164,Can I terminate my staggered rental agreement if there is a violation of the lease renewal terms?,3
165,I have found a new tenant for my old apartment. How can I terminate my rental agreement?,4
166,"Now that I have a new tenant lined up for my previous apartment, what steps should I follow to terminate my rental agreement?",4
167,I've secured a new tenant for the apartment I was renting. How can I effectively terminate my rental agreement?,4
168,I found someone to take over my lease. How can I terminate my rental agreement with the landlord?,4
169,I've found a new tenant for my old apartment. Are there any specific guidelines for terminating my rental agreement?,4
170,I need guidance on terminating my rental agreement after finding a new tenant for my previous apartment.,4
171,How can I smoothly terminate my rental agreement now that I've found a new tenant for the property?,4
172,What documentation or notice should I provide to the landlord to terminate my rental agreement after securing a new tenant?,4
173,I have a new tenant ready to take over my lease. Should I notify the landlord in writing about terminating my rental agreement?,4
174,Can I terminate my rental agreement smoothly after finding a new tenant to occupy the apartment?,4
175,I've found a replacement tenant for my old apartment. What are the necessary steps to terminate my rental agreement?,4
176,What is the proper procedure for terminating my rental agreement once I've found a new tenant for the apartment?,4
177,Can I terminate my rental agreement early if I have a new tenant lined up for the property?,4
178,I've found a new tenant for my old apartment. Is there a notice period for terminating my rental agreement?,4
179,How can I terminate my rental agreement after finding a new tenant without facing any legal consequences?,4
180,I've secured a new tenant to take over my lease. What are the requirements for terminating my rental agreement?,4
181,Can I terminate my rental agreement smoothly if I have a new tenant interested in renting the apartment?,4
182,I have a new tenant waiting to move in. How long does it take to process the termination of my rental agreement?,4
183,Can I terminate my rental agreement after finding a new tenant if the landlord breaches the terms?,4
184,Is it possible to terminate my rental agreement without complications after securing a new tenant for the apartment?,4
185,Can I terminate my rental agreement if I've found a new tenant and no longer require the apartment?,4
186,What steps should I take to protect my rights when terminating my rental agreement after finding a new tenant?,4
187,Can I terminate my rental agreement after finding a new tenant if there is a mutual agreement?,4
188,How can I terminate my rental agreement smoothly with the current landlord when I have a new tenant lined up?,4
189,Can I terminate my rental agreement after finding a new tenant if there is a change in circumstances?,4
190,Can I terminate my rental agreement after finding a new tenant if there is a breach of confidentiality?,4
191,Can I terminate my rental agreement if the current tenant agrees to transfer the lease to the new tenant?,4
192,Can I terminate my rental agreement after finding a new tenant if there are unresolved maintenance issues?,4
193,Can I terminate my rental agreement after securing a new tenant if there is a change in my employment situation?,4
194,Can I terminate my rental agreement smoothly after finding a new tenant if there is a breach of the lease agreement?,4
195,Can I terminate my rental agreement after finding a new tenant if there is a violation of the pet policy?,4
196,Can I terminate my rental agreement after finding a new tenant if there is a failure to provide essential utilities?,4
197,Can I terminate my rental agreement after finding a new tenant if the property conditions are unsatisfactory?,4
198,Can I terminate my rental agreement after finding a new tenant if there is a violation of noise regulations?,4
199,Can I terminate my rental agreement if I have found a new tenant and there is a violation of the subletting policy?,4
200,Can I terminate my rental agreement after finding a new tenant if there is a failure to address repairs in a timely manner?,4
201,Can I terminate my rental agreement after finding a new tenant if there is a significant increase in property taxes?,4
202,Can I terminate my rental agreement after finding a new tenant if there is a violation of the quiet enjoyment clause?,4
203,Can I terminate my rental agreement after finding a new tenant if there is a violation of the maintenance responsibilities?,4
204,Can I terminate my rental agreement after finding a new tenant if the current tenant refuses to cooperate with the transition?,4
205,Can I terminate my rental agreement after finding a new tenant if there is a breach of the security deposit terms?,4
206,Can I terminate my rental agreement after finding a new tenant if the current tenant engages in illegal activities on the premises?,4
207,Can I terminate my rental agreement after finding a new tenant if there is a violation of the lease renewal terms?,4
208,Can I terminate my rental agreement after finding a new tenant if there is a violation of the termination clause?,4
209,Can I terminate my rental agreement after finding a new tenant if the current tenant is causing damage to the property?,4
210,Can I terminate my rental agreement after finding a new tenant if the current tenant fails to pay rent consistently?,4
211,Can I terminate my rental agreement after finding a new tenant if the property undergoes significant structural damage?,4
212,Can I terminate my rental agreement after finding a new tenant if the current tenant violates the occupancy limits?,4
213,Can I terminate my rental agreement after finding a new tenant if there is a violation of the rental agreement terms?,4
214,Can I terminate my rental agreement after finding a new tenant if the property no longer meets my needs?,4
215,What are the key factors to consider when terminating a contract by finding a new tenant?,5
216,Why is finding a new tenant an effective approach for contract termination?,5
217,Exploring the benefits of contract termination through the finding of a new tenant.,5
218,What role does finding a new tenant play in contract termination and its significance?,5
219,Understanding the advantages of terminating a contract by securing a new tenant.,5
220,The importance of finding a new tenant in the process of contract termination.,5
221,Examining the reasons behind utilizing a new tenant for contract termination.,5
222,How can finding a new tenant contribute to a successful contract termination?,5
223,Unveiling the reasons why finding a new tenant is a valuable method for contract termination.,5
224,The impact of finding a new tenant on the termination of contractual agreements.,5
225,Evaluating the significance of incorporating a new tenant in contract termination strategies.,5
226,Highlighting the advantages of terminating a contract through the finding of a new tenant.,5
227,Understanding the role of a new tenant in the effective termination of contractual obligations.,5
228,Exploring the reasons why finding a new tenant is a preferred approach for contract termination.,5
229,Examining the benefits of utilizing a new tenant to terminate contractual agreements.,5
230,Analyzing the importance of finding a new tenant as a means of contract termination.,5
231,Unveiling the advantages of incorporating a new tenant in the process of terminating a contract.,5
232,The role of finding a new tenant in facilitating a smooth and efficient contract termination.,5
233,Exploring the reasons behind the growing trend of contract termination through finding new tenants.,5
234,Evaluating the effectiveness of finding a new tenant as a strategy for contract termination.,5
235,Understanding the benefits of terminating a contract by securing a new tenant.,5
236,Analyzing the reasons why finding a new tenant is considered an important factor in contract termination.,5
237,Examining the advantages of incorporating a new tenant in the process of terminating contractual obligations.,5
238,Unveiling the role of finding a new tenant in ensuring a successful contract termination.,5
239,The impact of finding a new tenant on the efficiency and effectiveness of contract termination.,5
240,Exploring the reasons why finding a new tenant is a preferred method for terminating contractual agreements.,5
241,Evaluating the benefits of utilizing a new tenant to facilitate contract termination.,5
242,Understanding the significance of finding a new tenant as a strategic approach to contract termination.,5
243,Analyzing the advantages of incorporating a new tenant in the process of terminating a contract.,5
244,Unveiling the reasons why finding a new tenant has gained prominence in contract termination strategies.,5
245,The role of a new tenant in streamlining the termination of contractual obligations.,5
246,Exploring the reasons behind the increasing reliance on finding a new tenant for contract termination.,5
247,Evaluating the effectiveness of incorporating a new tenant in the process of terminating contracts.,5
248,Understanding the benefits of terminating a contract by finding a new tenant.,5
249,Analyzing the reasons why finding a new tenant is crucial in ensuring a successful contract termination.,5
250,Examining the advantages of utilizing a new tenant as a strategy for terminating contractual agreements.,5
251,Unveiling the role of finding a new tenant in expediting the process of contract termination.,5
252,Exploring the reasons why finding a new tenant is considered an efficient approach to contract termination.,5
253,Evaluating the benefits of incorporating a new tenant in the process of terminating contractual obligations.,5
254,Understanding the impact of finding a new tenant on the overall efficiency of contract termination.,5
255,Analyzing the reasons why finding a new tenant has become an integral part of contract termination strategies.,5
256,Examining the advantages of utilizing a new tenant to facilitate the termination of contracts.,5
257,Unveiling the significance of finding a new tenant as a valuable tool in contract termination.,5
258,Exploring the reasons behind the growing adoption of finding a new tenant for contract termination.,5
259,Evaluating the effectiveness of incorporating a new tenant in the process of terminating contractual agreements.,5
260,Understanding the benefits of terminating a contract through the involvement of a new tenant.,5
261,Analyzing the reasons why finding a new tenant plays a pivotal role in contract termination.,5
262,Examining the advantages of utilizing a new tenant as a means of terminating contractual obligations.,5
263,Unveiling the impact of finding a new tenant on the successful completion of contract termination.,5
264,Exploring the reasons why finding a new tenant is a preferred strategy for terminating contracts.,5
265,"I am in the process of terminating my contract and have found a new tenant, but the landlord is refusing to accept them. What options do I have?",6
266,"After finding a new tenant, I am facing resistance from the landlord who is not willing to accept the new tenant. What steps can I take in this situation?",6
267,"I have successfully secured a new tenant for my contract termination, but the landlord is rejecting their application. What recourse do I have in this scenario?",6
268,"Despite finding a suitable new tenant, the landlord is denying their acceptance, making it difficult to terminate my contract. How should I proceed?",6
269,"I want to terminate my contract by assigning a new tenant, but the landlord is objecting to the proposed replacement. What actions can I consider to resolve this issue?",6
270,The landlord is not accepting the new tenant I found to terminate my contract. What alternatives do I have to ensure a smooth termination process?,6
271,I have encountered a situation where the landlord is refusing to accept the new tenant I found for contract termination. What can I do to resolve this matter?,6
272,"Despite finding a potential new tenant, the landlord is rejecting their application for contract termination. How can I navigate this obstacle?",6
273,The landlord is creating obstacles by not accepting the new tenant I found for contract termination. What steps should I take to address this issue?,6
274,I need guidance on handling a situation where the landlord is unwilling to accept the new tenant I found for terminating my contract. What are my options?,6
275,The landlord's refusal to accept the new tenant I found for contract termination is hindering the process. How can I overcome this challenge?,6
276,I am facing difficulties as the landlord is not accepting the new tenant for contract termination. What recourse do I have to resolve this dispute?,6
277,"Despite finding a suitable replacement tenant, the landlord is refusing to approve their application for contract termination. What should be my next course of action?",6
278,The landlord's rejection of the new tenant is causing complications in terminating my contract. How can I effectively address this issue?,6
279,I have encountered a situation where the landlord is uncooperative and unwilling to accept the new tenant for contract termination. What steps can I take to resolve this impasse?,6
280,"Despite my efforts to find a new tenant for contract termination, the landlord is disputing the proposed replacement. What strategies can I employ to resolve this conflict?",6
281,The landlord's rejection of the new tenant I found for contract termination is posing challenges. What measures can I undertake to overcome this obstacle?,6
282,I need advice on dealing with a situation where the landlord refuses to accept the new tenant I found for terminating my contract. How can I navigate this situation effectively?,6
283,The landlord's refusal to accept the new tenant I found for contract termination is causing delays. What options do I have to expedite the process?,6
284,"Despite finding a suitable new tenant, the landlord is rejecting their application for contract termination. How can I address this issue while protecting my rights?",6
285,I have encountered resistance from the landlord as they are unwilling to accept the new tenant for contract termination. What steps can I take to mediate this situation?,6
286,The landlord's refusal to accept the new tenant I found for terminating my contract is creating complications. How can I resolve this matter amicably?,6
287,"Despite finding a potential replacement tenant, the landlord is denying their acceptance, impeding the contract termination process. What actions can I undertake to overcome this challenge?",6
288,I need assistance in dealing with a situation where the landlord is rejecting the new tenant I found for contract termination. How can I assert my rights in this scenario?,6
289,The landlord's resistance to accepting the new tenant I found for terminating my contract is causing frustration. What steps should I follow to address this issue?,6
290,"Despite my efforts to find a new tenant for contract termination, the landlord is not cooperating and refusing to accept the replacement. How can I navigate this situation effectively?",6
291,I am facing obstacles as the landlord is rejecting the new tenant I found for terminating my contract. What strategies can I employ to reach a resolution?,6
292,The landlord's refusal to accept the new tenant is hindering the process of terminating my contract. What measures can I take to resolve this dispute?,6
293,"Despite finding a suitable replacement tenant, the landlord is uncooperative and rejecting their application for contract termination. How can I proceed in this situation?",6
294,I need guidance on handling a situation where the landlord is not accepting the new tenant I found for contract termination. What legal rights do I have in this matter?,6
295,The landlord's rejection of the new tenant for contract termination is creating obstacles. What actions can I take to ensure a fair resolution?,6
296,I am encountering difficulties as the landlord is refusing to accept the new tenant I found for terminating my contract. What steps should I take to address this issue?,6
297,"Despite my efforts to find a new tenant for contract termination, the landlord is rejecting the proposed replacement. What alternatives are available to me in this situation?",6
298,The landlord's refusal to accept the new tenant I found for terminating my contract is causing delays. How can I navigate this situation to expedite the process?,6
299,"I have found a new tenant for contract termination, but the landlord is not accepting their application. What options do I have to ensure a smooth transition?",6
300,The landlord's rejection of the new tenant I found for contract termination is impeding the process. What steps can I take to mediate this situation?,6
301,"Despite finding a suitable new tenant, the landlord is denying their acceptance for contract termination. How can I address this issue and protect my rights?",6
302,I need advice on dealing with a situation where the landlord refuses to accept the new tenant I found for terminating my contract. What legal remedies are available to me?,6
303,The landlord's resistance to accepting the new tenant I found for contract termination is causing complications. What measures can I undertake to resolve this dispute?,6
304,"Despite my efforts to find a replacement tenant for contract termination, the landlord is not cooperating and rejecting the proposed candidate. How can I overcome this challenge?",6
305,I am facing obstacles as the landlord is rejecting the new tenant I found for terminating my contract. What actions can I take to assert my rights in this matter?,6
306,The landlord's refusal to accept the new tenant is hindering the process of terminating my contract. How can I navigate this situation and find a resolution?,6
307,"Despite finding a potential replacement tenant, the landlord is uncooperative and refusing to accept their application for contract termination. How can I move forward?",6
308,I need guidance on handling a situation where the landlord is not accepting the new tenant I found for contract termination. What steps can I take to protect my interests?,6
309,The landlord's rejection of the new tenant for contract termination is creating complications. How can I negotiate a solution that benefits both parties involved?,6
310,"Despite my efforts to find a suitable replacement tenant, the landlord is obstructing the process by rejecting the proposed candidate. What can I do to resolve this issue?",6
311,I am encountering difficulties as the landlord is not accepting the new tenant I found for terminating my contract. How can I approach this situation in a constructive manner?,6
312,The landlord's refusal to accept the new tenant for contract termination is causing delays and frustration. What measures can I take to ensure a fair and timely resolution?,6
313,"Despite finding a qualified new tenant, the landlord is resistant to accepting their application for contract termination. What legal options do I have to pursue in this case?",6
314,I need advice on dealing with a situation where the landlord is rejecting the new tenant I found for terminating my contract. How can I negotiate a mutually agreeable solution?,6
315,"After finding a new tenant to terminate my contract, I am concerned whether the landlord has the right to increase the rent for the new tenant. What are the regulations governing this situation?",7
316,"I have secured a new tenant to terminate my contract, but I'm uncertain about the landlord's ability to raise the rent for the new tenant. What should I know about the legal aspects in this scenario?",7
317,Can the landlord legally raise the rent for the new tenant I found to terminate my contract? I would like to understand the rights and limitations in such a situation.,7
318,"I've found a new tenant to facilitate the termination of my contract. However, I'm unsure about the landlord's authority to increase the rent for the incoming tenant. What steps can I take to clarify this matter?",7
319,What are the implications if the landlord decides to raise the rent for the new tenant I found to terminate my contract? I want to ensure a smooth transition without any unexpected financial burdens.,7
320,"I have successfully found a new tenant to terminate my contract, but I'm curious about the landlord's ability to raise the rent for the incoming tenant. Are there any legal restrictions on this matter?",7
321,Can the landlord increase the rent for the new tenant I've arranged for contract termination? I want to be aware of the potential consequences and any applicable regulations.,7
322,"As I secure a new tenant to terminate my contract, I'm unsure about the landlord's prerogative to raise the rent. What factors should I consider and what rights do both parties have in this situation?",7
323,What are the legal provisions concerning the landlord's ability to raise the rent for the new tenant I found for contract termination? I want to be prepared and informed about my rights.,7
324,"I've found a new tenant to facilitate the termination of my contract, but I'm uncertain whether the landlord can increase the rent for the incoming tenant. How can I ensure a fair and transparent process?",7
325,Can the landlord impose a rent increase for the new tenant I've arranged to terminate my contract? I want to understand the rights and protections available in this scenario.,7
326,"As I navigate the process of terminating my contract with a new tenant, I'm concerned about the landlord's potential rent increase. What recourse do I have to address this issue?",7
327,"I found a new tenant to terminate my contract, but I'm unsure about the landlord's authority to raise the rent. How can I protect the new tenant's rights and ensure a smooth transition?",7
328,What are the implications if the landlord decides to raise the rent for the new tenant I found to terminate my contract? How can I negotiate and address this potential concern?,7
329,"I want to terminate my contract by finding a new tenant, but I'm unsure if the landlord can legally increase the rent for the incoming tenant. What steps should I take to clarify this matter?",7
330,Can the landlord legally raise the rent for the new tenant I found to terminate my contract? I want to understand the rights and obligations of all parties involved.,7
331,"As I secure a new tenant for contract termination, I'm concerned about the landlord's ability to increase the rent. What actions can I take to ensure a fair and transparent process?",7
332,What are the regulations and guidelines regarding the landlord's authority to raise the rent for the new tenant I've arranged for contract termination? I seek clarity on this matter.,7
333,"I found a new tenant to facilitate the termination of my contract, but I'm uncertain about the landlord's power to raise the rent for the incoming tenant. What measures can I take to protect the tenant's interests?",7
334,Can the landlord exercise the right to increase the rent for the new tenant I've found for contract termination? I want to understand the legal framework and potential options in this situation.,7
335,"As I proceed with terminating my contract by finding a new tenant, I'm curious about the landlord's ability to raise the rent. How can I ensure a fair and reasonable outcome?",7
336,What are the rights and limitations regarding rent increase for the new tenant I've secured to terminate my contract? I want to navigate this process with transparency and fairness.,7
337,"I've found a new tenant to terminate my contract, but I'm unsure if the landlord can impose a rent increase. What resources can I consult to better understand the applicable rules and regulations?",7
338,Can the landlord increase the rent for the new tenant I've arranged to terminate my contract? I want to be aware of any potential issues and explore available remedies.,7
339,"As I prepare to terminate my contract with a new tenant, I'm concerned about the landlord's ability to raise the rent. How can I ensure a smooth transition and protect the tenant's rights?",7
340,What are the legal implications if the landlord raises the rent for the new tenant I've found to terminate my contract? I want to be proactive in addressing this potential concern.,7
341,"I want to terminate my contract by finding a new tenant, but I'm unsure about the landlord's authority to increase the rent. How can I navigate this process while safeguarding the tenant's interests?",7
342,Can the landlord legally raise the rent for the new tenant I've arranged for contract termination? I seek clarity on the rights and obligations involved in this situation.,7
343,"As I secure a new tenant to terminate my contract, I want to ensure that the landlord cannot arbitrarily increase the rent. What steps should I take to protect the tenant's rights?",7
344,What are the guidelines and legal provisions related to the landlord's ability to increase the rent for the new tenant I've found to terminate my contract? I want to make informed decisions in this regard.,7
345,"I've found a new tenant to facilitate the termination of my contract, but I'm concerned about the landlord's potential rent increase. How can I address this issue and protect the tenant's interests?",7
346,Can the landlord impose a rent increase for the new tenant I've arranged to terminate my contract? I seek information on the relevant laws and regulations governing this matter.,7
347,"As I navigate the process of terminating my contract with a new tenant, I want to ensure that the landlord cannot unreasonably increase the rent. What steps can I take to safeguard the tenant's rights?",7
348,What are the rights and protections in place to prevent the landlord from increasing the rent for the new tenant I've secured to terminate my contract? I want to understand the legal framework surrounding this issue.,7
349,"I found a new tenant to terminate my contract, but I'm uncertain about the landlord's authority to raise the rent. How can I ensure a fair and equitable outcome for all parties involved?",7
350,Can the landlord legally increase the rent for the new tenant I've arranged for contract termination? I want to be knowledgeable about the relevant regulations and explore my options.,7
351,"As I proceed with terminating my contract by finding a new tenant, I want to understand the landlord's rights regarding rent increase. How can I negotiate a reasonable agreement in this regard?",7
352,What are the legal provisions surrounding the landlord's ability to raise the rent for the new tenant I've found to terminate my contract? I seek clarity on the rights and responsibilities involved.,7
353,"I've found a new tenant to facilitate the termination of my contract, but I'm concerned about the landlord's potential rent increase. How can I protect the tenant's rights and ensure a smooth transition?",7
354,Can the landlord impose a rent increase for the new tenant I've arranged to terminate my contract? I want to understand the legal framework and potential avenues for resolution.,7
355,"As I navigate the process of terminating my contract with a new tenant, I'm concerned about the landlord's ability to increase the rent. How can I address this issue and protect the tenant's interests?",7
356,What are the regulations and guidelines governing the landlord's authority to raise the rent for the new tenant I've secured for contract termination? I want to be well-informed about the rights and obligations in this situation.,7
357,"I found a new tenant to terminate my contract, but I'm unsure if the landlord can legally increase the rent. How can I ensure a fair and transparent process for all parties involved?",7
358,Can the landlord increase the rent for the new tenant I've arranged to terminate my contract? I want to understand the legal parameters and explore potential solutions.,7
359,"As I prepare to terminate my contract by finding a new tenant, I'm unsure about the landlord's ability to raise the rent. How can I protect the incoming tenant and address any potential rent-related concerns?",7
360,What are the rights and limitations regarding rent increase for the new tenant I've secured to terminate my contract? I want to navigate this process with transparency and fairness.,7
361,"I've found a new tenant to facilitate the termination of my contract, but I'm unsure if the landlord can impose a rent increase. How can I ensure a smooth transition and protect the tenant's rights?",7
362,Can the landlord legally raise the rent for the new tenant I've arranged for contract termination? I want to be aware of any potential issues and explore available remedies.,7
363,"As I navigate the process of terminating my contract with a new tenant, I'm concerned about the landlord's ability to increase the rent. How can I ensure a fair and reasonable outcome?",7
364,What are the implications if the landlord decides to raise the rent for the new tenant I found to terminate my contract? How can I negotiate and address this potential concern?,7
365,"I'm interested in terminating the contract, but my flatmate disagrees. How can I navigate this situation and find a resolution?",8
366,"What options do I have if I want to terminate the contract, but my flatmate is unwilling? I need advice on how to proceed.",8
367,"I'm facing a situation where I want to terminate the contract, but my flatmate is opposed to it. What steps can I take to reach a mutual agreement?",8
368,"How can I handle the situation when I want to terminate the contract, but my flatmate is resistant? I'm looking for guidance on resolving this conflict.",8
369,"I find myself in a dilemma where I wish to terminate the contract, but my flatmate is not on board. What strategies can I employ to address this issue?",8
370,"What can I do if I want to terminate the contract, but my flatmate is unwilling to comply? I need advice on resolving this disagreement amicably.",8
371,"How should I proceed if I want to terminate the contract, but my flatmate is opposed to the idea? I'm seeking guidance on finding a fair solution.",8
372,"I need help in a situation where I want to terminate the contract, but my flatmate disagrees. What are my options to resolve this disagreement?",8
373,"What steps can I take when I want to terminate the contract, but my flatmate refuses to cooperate? I'm looking for suggestions to handle this situation.",8
374,"I'm facing a challenge where I want to terminate the contract, but my flatmate doesn't want to. How can I overcome this obstacle and find a suitable resolution?",8
375,"How can I handle a situation where I want to terminate the contract, but my flatmate is uncooperative? I need advice on resolving this conflict peacefully.",8
376,"I find myself in a predicament where I want to terminate the contract, but my flatmate opposes the decision. What are the best approaches to reach a compromise?",8
377,"What options do I have if I want to terminate the contract, but my flatmate is not in agreement? I'm seeking guidance on how to navigate this situation.",8
378,"How should I approach the situation where I want to terminate the contract, but my flatmate is resistant? I want to find a resolution that works for both of us.",8
379,"I'm in a situation where I want to terminate the contract, but my flatmate is unwilling to cooperate. What steps can I take to address this disagreement effectively?",8
380,"What can I do if I want to terminate the contract, but my flatmate doesn't agree? I need advice on finding a compromise and resolving this issue.",8
381,"How can I handle a situation where I want to terminate the contract, but my flatmate refuses to comply? I'm looking for strategies to handle this conflict.",8
382,"I need guidance on dealing with a situation where I want to terminate the contract, but my flatmate is opposed. What steps can I take to find a mutually satisfactory outcome?",8
383,"What options do I have when I want to terminate the contract, but my flatmate doesn't want to end it? I'm seeking advice on how to resolve this disagreement.",8
384,"How should I approach the situation when I want to terminate the contract, but my flatmate disagrees? I want to find a solution that respects both our perspectives.",8
385,"I'm facing a dilemma where I want to terminate the contract, but my flatmate is resistant to the idea. What can I do to reach a compromise?",8
386,"What steps can I take if I want to terminate the contract, but my flatmate is not willing to cooperate? I'm looking for guidance on resolving this impasse.",8
387,"How can I handle a situation where I want to terminate the contract, but my flatmate is unwilling to discuss it? I need advice on finding a resolution.",8
388,"I find myself in a difficult situation where I want to terminate the contract, but my flatmate doesn't agree. What strategies can I use to address this conflict?",8
389,"What can I do if I want to terminate the contract, but my flatmate is opposed to the decision? I'm seeking suggestions on how to navigate this disagreement.",8
390,"How should I approach the situation when I want to terminate the contract, but my flatmate refuses to acknowledge my concerns? I want to find a mutually beneficial resolution.",8
391,"I'm in a challenging position where I want to terminate the contract, but my flatmate is resistant. What steps can I take to find common ground and resolve the issue?",8
392,"What options do I have if I want to terminate the contract, but my flatmate is not cooperating? I need guidance on how to handle this disagreement effectively.",8
393,"How can I handle a situation where I want to terminate the contract, but my flatmate opposes the idea? I want to find a solution that respects both our interests.",8
394,"I need advice on dealing with a situation where I want to terminate the contract, but my flatmate is unwilling to discuss it. How can I navigate this disagreement?",8
395,"What steps can I take if I want to terminate the contract, but my flatmate doesn't want to proceed? I'm looking for strategies to address this disagreement constructively.",8
396,"How should I approach the situation when I want to terminate the contract, but my flatmate is uncooperative? I want to find a resolution that considers both our viewpoints.",8
397,"I'm facing a challenge where I want to terminate the contract, but my flatmate is not on the same page. What can I do to foster understanding and reach an agreement?",8
398,"What can I do if I want to terminate the contract, but my flatmate is opposed to the decision? I need advice on how to communicate effectively and find common ground.",8
399,"How can I handle a situation where I want to terminate the contract, but my flatmate refuses to cooperate? I want to find a solution that is fair and respects both parties' interests.",8
400,"I find myself in a predicament where I want to terminate the contract, but my flatmate disagrees. What approaches can I take to address their concerns and find a resolution?",8
401,"What options do I have when I want to terminate the contract, but my flatmate is not in favor? I'm seeking advice on how to navigate this disagreement and find a compromise.",8
402,"How should I approach the situation where I want to terminate the contract, but my flatmate is resistant? I want to find a resolution that takes into account both our perspectives.",8
403,"I'm in a situation where I want to terminate the contract, but my flatmate is unwilling to comply. What steps can I take to address their reservations and find common ground?",8
404,"What can I do if I want to terminate the contract, but my flatmate doesn't agree? I need guidance on how to communicate effectively and work towards a mutually beneficial solution.",8
405,"How can I handle a situation where I want to terminate the contract, but my flatmate refuses to cooperate? I want to find a resolution that respects their concerns while addressing mine.",8
406,"I'm faced with a dilemma where I want to terminate the contract, but my flatmate is opposed. What steps can I take to engage in productive dialogue and find a mutually agreeable outcome?",8
407,"What options do I have if I want to terminate the contract, but my flatmate is not willing to end it? I'm seeking advice on how to negotiate and find a resolution that satisfies both parties.",8
408,"How should I approach the situation when I want to terminate the contract, but my flatmate disagrees? I want to find a solution that respects their perspective while also addressing my needs.",8
409,I'm encountering resistance from my flatmate regarding the termination of the contract. What strategies can I employ to foster open communication and work towards a resolution?,8
410,"What can I do if I want to terminate the contract, but my flatmate is unwilling to discuss it? I need advice on how to establish a productive dialogue and find common ground.",8
411,"How can I handle a situation where I want to terminate the contract, but my flatmate is resistant to the idea? I want to find a resolution that takes into account both our concerns.",8
412,"I'm seeking guidance on dealing with a situation where I want to terminate the contract, but my flatmate is not open to the idea. What steps can I take to address their concerns and reach an agreement?",8
413,"What options do I have when I want to terminate the contract, but my flatmate refuses to cooperate? I'm looking for advice on how to foster understanding and find a mutually acceptable solution.",8
414,"How should I approach the situation when I want to terminate the contract, but my flatmate opposes the decision? I want to find a way to address their reservations and work towards a resolution.",8
415,What steps should I follow to terminate my contract?,0
416,How do I go about terminating my rental contract?,0
417,What is the process for terminating my contract?,0
418,Can you guide me on how to terminate my contract effectively?,0
419,How can I legally terminate my rental contract?,0
420,What are the necessary actions to terminate my contract?,0
421,Are there any specific requirements for terminating my rental contract?,0
422,I need advice on terminating my contract properly. Can you assist me?,0
423,How should I approach the termination of my contract?,0
424,What are the best practices for terminating my rental contract?,0
425,Can you provide guidance on terminating my contract without any legal issues?,0
426,How can I initiate the termination of my contract?,0
427,What documents or forms do I need to terminate my rental contract?,0
428,Are there any timeframes I should be aware of when terminating my contract?,0
429,Can you explain the rights and obligations involved in terminating my contract?,0
430,How do I handle the termination process for my contract?,0
431,What should I consider before terminating my rental contract?,0
432,Is there a specific notice period required to terminate my contract?,0
433,How can I protect myself legally when terminating my contract?,0
434,What are the potential consequences of terminating my contract?,0
435,Can you provide step-by-step instructions on how to terminate my contract?,0
436,How can I ensure a smooth termination of my rental contract?,0
437,What are the implications of terminating my contract prematurely?,0
438,Are there any penalties or fees associated with terminating my contract?,0
439,Can you advise me on terminating my contract in a professional manner?,0
440,How can I negotiate the termination terms of my contract?,0
441,What are my rights as a tenant when terminating my rental contract?,0
442,Can you help me understand the legal aspects of terminating my contract?,0
443,How do I communicate my intent to terminate my contract?,0
444,What recourse do I have if there are disputes during the termination of my contract?,0
445,Are there any specific requirements for terminating my contract early?,0
446,Can you guide me on terminating my rental contract in accordance with the law?,0
447,How can I protect my deposit when terminating my contract?,0
448,What are the potential challenges I may face when terminating my contract?,0
449,Can you assist me in drafting a termination letter for my contract?,0
450,How do I handle the handover process when terminating my rental contract?,0
451,What should I do if the other party refuses to accept the termination of my contract?,0
452,How can I terminate my contract while minimizing any legal risks?,0
453,What are the steps involved in terminating my rental contract on mutual agreement?,0
454,Can you provide examples of valid reasons for terminating my contract?,0
455,How can I terminate my contract without causing any harm to my relationship with the other party?,0
456,What should I do if there are outstanding issues when terminating my contract?,0
457,Can you explain the consequences of breaching my contract during termination?,0
458,How do I ensure that the termination of my contract is legally binding?,0
459,What measures can I take to protect my rights when terminating my rental contract?,0
460,How can I terminate my contract without incurring additional costs or penalties?,0
461,What steps should I take if I encounter difficulties in terminating my contract?,0
462,Can you provide guidance on terminating my contract without violating any terms?,0
463,How can I terminate my contract in a fair and equitable manner for both parties?,0
464,"What are the possible outcomes of terminating my contract, and how can I prepare for them?",0
